{"cameraMode":{"drawMode":0,"name":"Shaded","section":"Shading Mode"},"sceneLighting":true,"audioPlay":false,"sceneViewState":{"showFog":true,"showMaterialUpdate":true,"showSkybox":false,"showFlares":true,"showImageEffects":true,"showParticleSystems":true},"in2DMode":false,"pivot":{"x":0.15000003576278687,"y":-0.00451197475194931,"z":-2.4000000953674318},"rotation":{"x":-0.7060147523880005,"y":0.031181396916508676,"z":-0.031162310391664506,"w":-0.7068480849266052},"size":3.3931424617767336,"orthographic":false}